record_key,source_id,source_rank,video_id,webpage_url,title_raw,channel_name,style_hint,ranking_basis,rank_confidence,metadata_status,user_pinned,duplicate_audio_review,liked,notes,source_url,evidence_url
xomu:001,xomu,1,,,Lanterns,Xomu,Oriental progressive house,preserved_existing_popular_seed,medium,title_seed; hydrate video_id and live counters later,0,0,,,https://www.youtube.com/@Xomu,https://xomuedm.newgrounds.com/audio
xomu:002,xomu,2,,,Pagoda,Xomu & Amidst,Dance / progressive house,preserved_existing_popular_seed,medium,title_seed; hydrate video_id and live counters later,0,0,,,https://www.youtube.com/@Xomu,https://xomuedm.newgrounds.com/audio
xomu:003,xomu,3,,,Last Dance,Xomu,Dance / softcore-hardcore,preserved_existing_popular_seed,medium,title_seed; hydrate video_id and live counters later,0,0,,,https://www.youtube.com/@Xomu,https://xomuedm.newgrounds.com/audio
xomu:004,xomu,4,,,Tera,Xomu,Progressive house,preserved_existing_popular_seed,medium,title_seed; hydrate video_id and live counters later,0,0,,,https://www.youtube.com/@Xomu,https://xomuedm.newgrounds.com/audio
xomu:005,xomu,5,,,Valhalla,Xomu & Retrograde,Orchestral complextro,preserved_existing_popular_seed,medium,title_seed; hydrate video_id and live counters later,0,0,,,https://www.youtube.com/@Xomu,https://xomuedm.newgrounds.com/audio
xomu:006,xomu,6,,,Moonfall,Xomu,Liquid drum & bass,preserved_existing_popular_seed,medium,title_seed; hydrate video_id and live counters later,0,0,,,https://www.youtube.com/@Xomu,https://xomuedm.newgrounds.com/audio
xomu:007,xomu,7,,,Lumina,Wisp X & Xomu,Video-game electronic,preserved_existing_popular_seed,medium,title_seed; hydrate video_id and live counters later,0,0,,,https://www.youtube.com/@Xomu,https://xomuedm.newgrounds.com/audio
xomu:008,xomu,8,,,Airborne,Xomu,Complextro,preserved_existing_popular_seed,medium,title_seed; hydrate video_id and live counters later,0,0,,,https://www.youtube.com/@Xomu,https://xomuedm.newgrounds.com/audio
xomu:009,xomu,9,,,Setsuna,Xomu & Justin Klyvis,House,preserved_existing_popular_seed,medium,title_seed; hydrate video_id and live counters later,0,0,,,https://www.youtube.com/@Xomu,https://xomuedm.newgrounds.com/audio
xomu:010,xomu,10,,,Gloxinia,"Xomu, Hyurin & Mitsune",House,preserved_existing_popular_seed,medium,title_seed; hydrate video_id and live counters later,0,0,,,https://www.youtube.com/@Xomu,https://xomuedm.newgrounds.com/audio
xomu:011,xomu,11,,,Iron Princess,Xomu & HYP3RLAPS3,Industrial electronic,preserved_existing_popular_seed,medium,title_seed; hydrate video_id and live counters later,0,0,,,https://www.youtube.com/@Xomu,https://xomuedm.newgrounds.com/audio
xomu:012,xomu,12,,,Mannenzakura,Xomu,Dance / oriental EDM,preserved_existing_popular_seed,medium,title_seed; hydrate video_id and live counters later,0,0,,,https://www.youtube.com/@Xomu,https://xomuedm.newgrounds.com/audio
xomu:013,xomu,13,,,Spiritworks,Xomu & ZxNX,Dubstep,preserved_existing_popular_seed,medium,title_seed; hydrate video_id and live counters later,0,0,,,https://www.youtube.com/@Xomu,https://xomuedm.newgrounds.com/audio
xomu:014,xomu,14,,,My Cos-Mic,Xomu,House,preserved_existing_popular_seed,medium,title_seed; hydrate video_id and live counters later,0,0,,,https://www.youtube.com/@Xomu,https://xomuedm.newgrounds.com/audio
xomu:015,xomu,15,,,Amaterasu,"Xomu, Konet & Unari",Drum & bass,preserved_existing_popular_seed,medium,title_seed; hydrate video_id and live counters later,0,0,,,https://www.youtube.com/@Xomu,https://xomuedm.newgrounds.com/audio
xomu:016,xomu,16,,,Moon & Sun (off vocal),Xomu,House,preserved_existing_popular_seed,medium,title_seed; hydrate video_id and live counters later,0,0,,,https://www.youtube.com/@Xomu,https://xomuedm.newgrounds.com/audio
xomu:017,xomu,17,,,Sapphire (feat. Xomu),Yirokos & Xomu,House / dance,preserved_existing_popular_seed,medium,title_seed; hydrate video_id and live counters later,0,0,,,https://www.youtube.com/@Xomu,https://xomuedm.newgrounds.com/audio
xomu:018,xomu,18,,,Recollections,Xomu,Ambient / chill,preserved_existing_popular_seed,medium,title_seed; hydrate video_id and live counters later,0,0,,,https://www.youtube.com/@Xomu,https://xomuedm.newgrounds.com/audio
xomu:019,xomu,19,,,Ethereal,Xomu,Ambient / chillout,preserved_existing_popular_seed,medium,title_seed; hydrate video_id and live counters later,0,0,,,https://www.youtube.com/@Xomu,https://xomuedm.newgrounds.com/audio
xomu:020,xomu,20,,,Walpurgis Night,Xomu,House,preserved_existing_popular_seed,medium,title_seed; hydrate video_id and live counters later,0,0,,,https://www.youtube.com/@Xomu,https://xomuedm.newgrounds.com/audio
xomu:021,xomu,21,,,Midnight Flower,Xomu & Juhyeshi,Ambient,preserved_existing_popular_seed,medium,title_seed; hydrate video_id and live counters later,0,0,,,https://www.youtube.com/@Xomu,https://xomuedm.newgrounds.com/audio
xomu:022,xomu,22,,,Pagoda (Miyuri Remix),Xomu & Amidst / Miyuri,House remix,preserved_existing_popular_seed,medium,title_seed; hydrate video_id and live counters later,0,0,,,https://www.youtube.com/@Xomu,https://xomuedm.newgrounds.com/audio
xomu:023,xomu,23,,,Lanterns (Miyuri Remix),Xomu / Miyuri,House remix,preserved_existing_popular_seed,medium,title_seed; hydrate video_id and live counters later,0,0,,,https://www.youtube.com/@Xomu,https://xomuedm.newgrounds.com/audio
xomu:024,xomu,24,,,Moonfall (Pdg Remix),Xomu / Pdg,Drum & bass remix,preserved_existing_popular_seed,medium,title_seed; hydrate video_id and live counters later,0,0,,,https://www.youtube.com/@Xomu,https://xomuedm.newgrounds.com/audio
xomu:025,xomu,25,,,Spiritworks (Kumi-P Remix),"Xomu, ZxNX & Kumi-P",Electronic remix,preserved_existing_popular_seed,medium,title_seed; hydrate video_id and live counters later,0,0,,,https://www.youtube.com/@Xomu,https://xomuedm.newgrounds.com/audio
xomu:026,xomu,26,,,Mannenzakura (Kumi-P Remix),Xomu & Kumi-P,Electronic remix,preserved_existing_popular_seed,medium,title_seed; hydrate video_id and live counters later,0,0,,,https://www.youtube.com/@Xomu,https://xomuedm.newgrounds.com/audio
xomu:027,xomu,27,,,Lanterns (Lofi Version),Xomu,Lo-fi electronic,preserved_existing_popular_seed,medium,title_seed; hydrate video_id and live counters later,0,0,,,https://www.youtube.com/@Xomu,https://xomuedm.newgrounds.com/audio
xomu:028,xomu,28,,,Lanterns (Remix),Fzisshy & Xomu,Electronic remix,preserved_existing_popular_seed,medium,title_seed; hydrate video_id and live counters later,0,0,,,https://www.youtube.com/@Xomu,https://xomuedm.newgrounds.com/audio
xomu:029,xomu,29,,,Tera (Kumi-P Remix),Xomu & Kumi-P,Electronic remix,preserved_existing_popular_seed,medium,title_seed; hydrate video_id and live counters later,0,0,,,https://www.youtube.com/@Xomu,https://xomuedm.newgrounds.com/audio
xomu:030,xomu,30,,,Last Dance (Kumi-P Remix),Xomu & Kumi-P,Electronic remix,preserved_existing_popular_seed,medium,title_seed; hydrate video_id and live counters later,0,0,,,https://www.youtube.com/@Xomu,https://xomuedm.newgrounds.com/audio
xomu:031,xomu,31,A4zL9wYFS1s,https://www.youtube.com/watch?v=A4zL9wYFS1s,Xomu - Moon & Sun ft. Nyarons (Cos-Mic 2024),Xomu,melodic electronic / vocal,curated_popular_extension,high,video_id verified; hydrate counters later,0,0,,,https://www.youtube.com/@Xomu,https://www.youtube.com/watch?v=A4zL9wYFS1s
xomu:032,xomu,32,B9QmcAYAcSM,https://www.youtube.com/watch?v=B9QmcAYAcSM,Xomu - Moonfall (VIP),Xomu,melodic EDM / VIP mix,curated_popular_extension,medium,video_id verified; hydrate counters later,0,0,,,https://www.youtube.com/@Xomu,https://www.youtube.com/watch?v=B9QmcAYAcSM
xomu:033,xomu,33,nMUwLBIhNO4,https://www.youtube.com/watch?v=nMUwLBIhNO4,Xomu - Hound of Aubergine,Xomu,melodic electronic,curated_popular_extension,medium,video_id verified; hydrate counters later,0,0,,,https://www.youtube.com/@Xomu,https://www.youtube.com/watch?v=nMUwLBIhNO4
xomu:034,xomu,34,FwWUqQz6Llk,https://www.youtube.com/watch?v=FwWUqQz6Llk,Kirara Magic & Xomu - Night of Bloom (ft. nayuta),Xomu,melodic electronic / vocal,curated_popular_extension,high,video_id verified; hydrate counters later,0,0,,,https://www.youtube.com/@Xomu,https://www.youtube.com/watch?v=FwWUqQz6Llk
xomu:035,xomu,35,_yfB3d6wKWE,https://www.youtube.com/watch?v=_yfB3d6wKWE,Xomu - Setsuna (Starling Remix),StarlingEDM,melodic remix,curated_popular_extension,medium,video_id verified; hydrate counters later,0,0,,,https://www.youtube.com/@Xomu,https://www.youtube.com/watch?v=_yfB3d6wKWE
xomu:036,xomu,36,a2qO5YDz4Wo,https://www.youtube.com/watch?v=a2qO5YDz4Wo,Xomu - Lumina (Zheng Yu Remix),Xomu / Zheng Yu,melodic remix,curated_popular_extension,medium,video_id verified; hydrate counters later,0,0,,,https://www.youtube.com/@Xomu,https://www.youtube.com/watch?v=a2qO5YDz4Wo
xomu:037,xomu,37,1bmb_ctaPYo,https://www.youtube.com/watch?v=1bmb_ctaPYo,Xomu - Iron Princess (Kixu Remix),Xomu / Kixu,electronic remix,curated_popular_extension,medium,video_id verified; hydrate counters later,0,0,,,https://www.youtube.com/@Xomu,https://www.youtube.com/watch?v=1bmb_ctaPYo
xomu:038,xomu,38,pMUJdf78AYM,https://www.youtube.com/watch?v=pMUJdf78AYM,Xomu & Amidst - Pagoda (Kisaragi's 2.0 Remix),Xomu / Kisaragi,house remix,curated_popular_extension,medium,video_id verified; hydrate counters later,0,0,,,https://www.youtube.com/@Xomu,https://www.youtube.com/watch?v=pMUJdf78AYM
xomu:039,xomu,39,r3YZxe-UrGc,https://www.youtube.com/watch?v=r3YZxe-UrGc,"Xomu, Hyurin & Mitsune - Gloxinia (Kumi-P Remix)",Xomu - Topic,electronic remix,curated_popular_extension,high,video_id verified; hydrate counters later,0,0,,,https://www.youtube.com/@Xomu,https://www.youtube.com/watch?v=r3YZxe-UrGc
xomu:040,xomu,40,_ZVOjDMoYJM,https://www.youtube.com/watch?v=_ZVOjDMoYJM,Xomu - Last Dance (Owane Remix),Owane / Xomu,future house remix,curated_popular_extension,high,video_id verified; hydrate counters later,0,0,,,https://www.youtube.com/@Xomu,https://www.youtube.com/watch?v=_ZVOjDMoYJM
thefatrat:001,thefatrat,1,,,Unity,TheFatRat,Glitch hop / electro house,preserved_existing_popular_seed,medium,title_seed; hydrate video_id and live counters later,0,0,,,https://www.youtube.com/channel/UCa_UMppcMsHIzb5LDx1u9zQ,https://www.thefatrat.com/
thefatrat:002,thefatrat,2,,,Monody,TheFatRat feat. Laura Brehm,Glitch hop / melodic EDM,preserved_existing_popular_seed,medium,title_seed; hydrate video_id and live counters later,0,0,,,https://www.youtube.com/channel/UCa_UMppcMsHIzb5LDx1u9zQ,https://www.thefatrat.com/
thefatrat:003,thefatrat,3,,,The Calling,TheFatRat feat. Laura Brehm,Melodic EDM,preserved_existing_popular_seed,medium,title_seed; hydrate video_id and live counters later,0,0,,,https://www.youtube.com/channel/UCa_UMppcMsHIzb5LDx1u9zQ,https://www.thefatrat.com/
thefatrat:004,thefatrat,4,,,Fly Away,TheFatRat feat. Anjulie,Dance / melodic EDM,preserved_existing_popular_seed,medium,title_seed; hydrate video_id and live counters later,0,0,,,https://www.youtube.com/channel/UCa_UMppcMsHIzb5LDx1u9zQ,https://www.thefatrat.com/
thefatrat:005,thefatrat,5,,,Stronger,"TheFatRat, Slaydit & Anjulie",Glitch hop / bass,preserved_existing_popular_seed,medium,title_seed; hydrate video_id and live counters later,0,0,,,https://www.youtube.com/channel/UCa_UMppcMsHIzb5LDx1u9zQ,https://www.thefatrat.com/
thefatrat:006,thefatrat,6,,,MAYDAY,TheFatRat feat. Laura Brehm,Melodic bass / EDM,preserved_existing_popular_seed,medium,title_seed; hydrate video_id and live counters later,0,0,,,https://www.youtube.com/channel/UCa_UMppcMsHIzb5LDx1u9zQ,https://www.thefatrat.com/
thefatrat:007,thefatrat,7,,,Close to the Sun,TheFatRat & Anjulie,Melodic EDM,preserved_existing_popular_seed,medium,title_seed; hydrate video_id and live counters later,0,0,,,https://www.youtube.com/channel/UCa_UMppcMsHIzb5LDx1u9zQ,https://www.thefatrat.com/
thefatrat:008,thefatrat,8,,,Xenogenesis,TheFatRat,Glitch hop / electro,preserved_existing_popular_seed,medium,title_seed; hydrate video_id and live counters later,0,0,,,https://www.youtube.com/channel/UCa_UMppcMsHIzb5LDx1u9zQ,https://www.thefatrat.com/
thefatrat:009,thefatrat,9,,,Time Lapse,TheFatRat,Glitch hop / electro,preserved_existing_popular_seed,medium,title_seed; hydrate video_id and live counters later,0,0,,,https://www.youtube.com/channel/UCa_UMppcMsHIzb5LDx1u9zQ,https://www.thefatrat.com/
thefatrat:010,thefatrat,10,,,Windfall,TheFatRat,Electro house,preserved_existing_popular_seed,medium,title_seed; hydrate video_id and live counters later,0,0,,,https://www.youtube.com/channel/UCa_UMppcMsHIzb5LDx1u9zQ,https://www.thefatrat.com/
thefatrat:011,thefatrat,11,,,Jackpot,TheFatRat,Glitch hop / electro,preserved_existing_popular_seed,medium,title_seed; hydrate video_id and live counters later,0,0,,,https://www.youtube.com/channel/UCa_UMppcMsHIzb5LDx1u9zQ,https://www.thefatrat.com/
thefatrat:012,thefatrat,12,,,Never Be Alone,TheFatRat,Melodic EDM,preserved_existing_popular_seed,medium,title_seed; hydrate video_id and live counters later,0,0,,,https://www.youtube.com/channel/UCa_UMppcMsHIzb5LDx1u9zQ,https://www.thefatrat.com/
thefatrat:013,thefatrat,13,,,Oblivion,TheFatRat feat. Lola Blanc,Dance / melodic EDM,preserved_existing_popular_seed,medium,title_seed; hydrate video_id and live counters later,0,0,,,https://www.youtube.com/channel/UCa_UMppcMsHIzb5LDx1u9zQ,https://www.thefatrat.com/
thefatrat:014,thefatrat,14,,,Infinite Power,TheFatRat,Glitch hop / gaming EDM,preserved_existing_popular_seed,medium,title_seed; hydrate video_id and live counters later,0,0,,,https://www.youtube.com/channel/UCa_UMppcMsHIzb5LDx1u9zQ,https://www.thefatrat.com/
thefatrat:015,thefatrat,15,,,Rise Up,TheFatRat,Melodic EDM,preserved_existing_popular_seed,medium,title_seed; hydrate video_id and live counters later,0,0,,,https://www.youtube.com/channel/UCa_UMppcMsHIzb5LDx1u9zQ,https://www.thefatrat.com/
thefatrat:016,thefatrat,16,,,Rule the World,TheFatRat & AleXa,Pop EDM,preserved_existing_popular_seed,medium,title_seed; hydrate video_id and live counters later,0,0,,,https://www.youtube.com/channel/UCa_UMppcMsHIzb5LDx1u9zQ,https://www.thefatrat.com/
thefatrat:017,thefatrat,17,,,We'll Meet Again,TheFatRat & Laura Brehm,Melodic EDM,preserved_existing_popular_seed,medium,title_seed; hydrate video_id and live counters later,0,0,,,https://www.youtube.com/channel/UCa_UMppcMsHIzb5LDx1u9zQ,https://www.thefatrat.com/
thefatrat:018,thefatrat,18,,,Hiding in the Blue,TheFatRat & RIELL,Melodic bass,preserved_existing_popular_seed,medium,title_seed; hydrate video_id and live counters later,0,0,,,https://www.youtube.com/channel/UCa_UMppcMsHIzb5LDx1u9zQ,https://www.thefatrat.com/
thefatrat:019,thefatrat,19,,,Warbringer,TheFatRat feat. Everen Maxwell & Lindsey Stirling,Orchestral bass,preserved_existing_popular_seed,medium,title_seed; hydrate video_id and live counters later,0,0,,,https://www.youtube.com/channel/UCa_UMppcMsHIzb5LDx1u9zQ,https://www.thefatrat.com/
thefatrat:020,thefatrat,20,,,Pride & Fear,TheFatRat & RIELL,Melodic bass,preserved_existing_popular_seed,medium,title_seed; hydrate video_id and live counters later,0,0,,,https://www.youtube.com/channel/UCa_UMppcMsHIzb5LDx1u9zQ,https://www.thefatrat.com/
thefatrat:021,thefatrat,21,,,Electrified,TheFatRat,Electro / gaming EDM,preserved_existing_popular_seed,medium,title_seed; hydrate video_id and live counters later,0,0,,,https://www.youtube.com/channel/UCa_UMppcMsHIzb5LDx1u9zQ,https://www.thefatrat.com/
thefatrat:022,thefatrat,22,,,Escaping Gravity (Instrumental),TheFatRat,Melodic EDM instrumental,preserved_existing_popular_seed,medium,title_seed; hydrate video_id and live counters later,0,0,,,https://www.youtube.com/channel/UCa_UMppcMsHIzb5LDx1u9zQ,https://www.thefatrat.com/
thefatrat:023,thefatrat,23,,,Out of the Rain (Instrumental),TheFatRat,Melodic EDM instrumental,preserved_existing_popular_seed,medium,title_seed; hydrate video_id and live counters later,0,0,,,https://www.youtube.com/channel/UCa_UMppcMsHIzb5LDx1u9zQ,https://www.thefatrat.com/
thefatrat:024,thefatrat,24,,,Sail Away (Instrumental),TheFatRat,Melodic EDM instrumental,preserved_existing_popular_seed,medium,title_seed; hydrate video_id and live counters later,0,0,,,https://www.youtube.com/channel/UCa_UMppcMsHIzb5LDx1u9zQ,https://www.thefatrat.com/
thefatrat:025,thefatrat,25,,,Hunger (Instrumental),TheFatRat,Melodic bass instrumental,preserved_existing_popular_seed,medium,title_seed; hydrate video_id and live counters later,0,0,,,https://www.youtube.com/channel/UCa_UMppcMsHIzb5LDx1u9zQ,https://www.thefatrat.com/
thefatrat:026,thefatrat,26,,,Give Myself to You (Instrumental),TheFatRat,Melodic EDM instrumental,preserved_existing_popular_seed,medium,title_seed; hydrate video_id and live counters later,0,0,,,https://www.youtube.com/channel/UCa_UMppcMsHIzb5LDx1u9zQ,https://www.thefatrat.com/
thefatrat:027,thefatrat,27,,,Monkeys (Instrumental),TheFatRat,Electro / gaming EDM,preserved_existing_popular_seed,medium,title_seed; hydrate video_id and live counters later,0,0,,,https://www.youtube.com/channel/UCa_UMppcMsHIzb5LDx1u9zQ,https://www.thefatrat.com/
thefatrat:028,thefatrat,28,,,Arcadia,TheFatRat,Orchestral / melodic EDM,preserved_existing_popular_seed,medium,title_seed; hydrate video_id and live counters later,0,0,,,https://www.youtube.com/channel/UCa_UMppcMsHIzb5LDx1u9zQ,https://www.thefatrat.com/
thefatrat:029,thefatrat,29,,,Upwind,TheFatRat,Orchestral / melodic EDM,preserved_existing_popular_seed,medium,title_seed; hydrate video_id and live counters later,0,0,,,https://www.youtube.com/channel/UCa_UMppcMsHIzb5LDx1u9zQ,https://www.thefatrat.com/
thefatrat:030,thefatrat,30,,,Ghost Light (Instrumental),TheFatRat,Gaming EDM instrumental,preserved_existing_popular_seed,medium,title_seed; hydrate video_id and live counters later,0,0,,,https://www.youtube.com/channel/UCa_UMppcMsHIzb5LDx1u9zQ,https://www.thefatrat.com/
thefatrat:031,thefatrat,31,oqTHiUgCjDA,https://www.youtube.com/watch?v=oqTHiUgCjDA,TheFatRat - Dancing Naked,TheFatRat,electro house,curated_popular_extension,high,video_id verified; hydrate counters later,0,0,,,https://www.youtube.com/channel/UCa_UMppcMsHIzb5LDx1u9zQ,https://www.youtube.com/watch?v=oqTHiUgCjDA
thefatrat:032,thefatrat,32,d0uFvhCHWCo,https://www.youtube.com/watch?v=d0uFvhCHWCo,TheFatRat - No No No,TheFatRat,gaming EDM,curated_popular_extension,high,video_id verified; hydrate counters later,0,0,,,https://www.youtube.com/channel/UCa_UMppcMsHIzb5LDx1u9zQ,https://www.youtube.com/watch?v=d0uFvhCHWCo
thefatrat:033,thefatrat,33,cIYdfWFsMXw,https://www.youtube.com/watch?v=cIYdfWFsMXw,TheFatRat - Solitude,TheFatRat,melodic electronic,curated_popular_extension,high,video_id verified; hydrate counters later,0,0,,,https://www.youtube.com/channel/UCa_UMppcMsHIzb5LDx1u9zQ,https://www.youtube.com/watch?v=cIYdfWFsMXw
thefatrat:034,thefatrat,34,I8NrBEku5ms,https://www.youtube.com/watch?v=I8NrBEku5ms,TheFatRat - Sunlight,TheFatRat,melodic electronic,curated_popular_extension,high,video_id verified; hydrate counters later,0,0,,,https://www.youtube.com/channel/UCa_UMppcMsHIzb5LDx1u9zQ,https://www.youtube.com/watch?v=I8NrBEku5ms
thefatrat:035,thefatrat,35,kzr5RQE0tZs,https://www.youtube.com/watch?v=kzr5RQE0tZs,TheFatRat - Prelude,TheFatRat,electronic instrumental,curated_popular_extension,high,video_id verified; hydrate counters later,0,0,,,https://www.youtube.com/channel/UCa_UMppcMsHIzb5LDx1u9zQ,https://www.youtube.com/watch?v=kzr5RQE0tZs
thefatrat:036,thefatrat,36,YqrxIimmiqs,https://www.youtube.com/watch?v=YqrxIimmiqs,TheFatRat - Epic,TheFatRat,electronic instrumental,curated_popular_extension,high,video_id verified; hydrate counters later,0,0,,,https://www.youtube.com/channel/UCa_UMppcMsHIzb5LDx1u9zQ,https://www.youtube.com/watch?v=YqrxIimmiqs
thefatrat:037,thefatrat,37,PL-uPCeXRzM,https://www.youtube.com/watch?v=PL-uPCeXRzM,TheFatRat - Elegy,TheFatRat,electronic instrumental,curated_popular_extension,high,video_id verified; hydrate counters later,0,0,,,https://www.youtube.com/channel/UCa_UMppcMsHIzb5LDx1u9zQ,https://www.youtube.com/watch?v=PL-uPCeXRzM
thefatrat:038,thefatrat,38,Ue7U67ENudQ,https://www.youtube.com/watch?v=Ue7U67ENudQ,TheFatRat - Do Be Do Be Do,TheFatRat,electro house,curated_popular_extension,high,video_id verified; hydrate counters later,0,0,,,https://www.youtube.com/channel/UCa_UMppcMsHIzb5LDx1u9zQ,https://www.youtube.com/watch?v=Ue7U67ENudQ
thefatrat:039,thefatrat,39,9YHTVML4PTE,https://www.youtube.com/watch?v=9YHTVML4PTE,TheFatRat - Chosen,TheFatRat,gaming EDM,curated_popular_extension,high,video_id verified; hydrate counters later,0,0,,,https://www.youtube.com/channel/UCa_UMppcMsHIzb5LDx1u9zQ,https://www.youtube.com/watch?v=9YHTVML4PTE
thefatrat:040,thefatrat,40,LBvR2hoqjME,https://www.youtube.com/watch?v=LBvR2hoqjME,TheFatRat & Maisy Kay - The Storm,TheFatRat,cinematic EDM / vocal,curated_popular_extension,high,video_id verified; hydrate counters later,0,0,,,https://www.youtube.com/channel/UCa_UMppcMsHIzb5LDx1u9zQ,https://www.youtube.com/watch?v=LBvR2hoqjME
diversity:001,diversity,1,,,Guitarmass,Infected Mushroom,Psytrance / guitar electronic,preserved_existing_popular_seed,medium,title_seed; hydrate video_id and live counters later,0,0,,,https://www.youtube.com/channel/UC7tD6Ifrwbiy-BoaAHEinmQ,https://www.youtube.com/channel/UC7tD6Ifrwbiy-BoaAHEinmQ
diversity:002,diversity,2,,,Back Again,Archie,Progressive/electro house,preserved_existing_popular_seed,medium,title_seed; hydrate video_id and live counters later,0,0,,,https://www.youtube.com/channel/UC7tD6Ifrwbiy-BoaAHEinmQ,https://www.youtube.com/channel/UC7tD6Ifrwbiy-BoaAHEinmQ
diversity:003,diversity,3,,,Asuka,PIKASONIC,Future bass / kawaii EDM,preserved_existing_popular_seed,medium,title_seed; hydrate video_id and live counters later,0,0,,,https://www.youtube.com/channel/UC7tD6Ifrwbiy-BoaAHEinmQ,https://www.youtube.com/channel/UC7tD6Ifrwbiy-BoaAHEinmQ
diversity:004,diversity,4,,,Pneumatic Tokyo,EnV,Dance / electro,preserved_existing_popular_seed,medium,title_seed; hydrate video_id and live counters later,0,0,,,https://www.youtube.com/channel/UC7tD6Ifrwbiy-BoaAHEinmQ,https://www.youtube.com/channel/UC7tD6Ifrwbiy-BoaAHEinmQ
diversity:005,diversity,5,,,Pagoda,Xomu & Amidst,Progressive house,preserved_existing_popular_seed,medium,title_seed; hydrate video_id and live counters later,0,0,,,https://www.youtube.com/channel/UC7tD6Ifrwbiy-BoaAHEinmQ,https://www.youtube.com/channel/UC7tD6Ifrwbiy-BoaAHEinmQ
diversity:006,diversity,6,,,Majesty,Ben Moon feat. Veela,Melodic dubstep,preserved_existing_popular_seed,medium,title_seed; hydrate video_id and live counters later,0,0,,,https://www.youtube.com/channel/UC7tD6Ifrwbiy-BoaAHEinmQ,https://www.youtube.com/channel/UC7tD6Ifrwbiy-BoaAHEinmQ
diversity:007,diversity,7,,,Give It To Dem,Skan feat. Highdiwaan & Drama B,Trap / bass,preserved_existing_popular_seed,medium,title_seed; hydrate video_id and live counters later,0,0,,,https://www.youtube.com/channel/UC7tD6Ifrwbiy-BoaAHEinmQ,https://www.youtube.com/channel/UC7tD6Ifrwbiy-BoaAHEinmQ
diversity:008,diversity,8,,,Waiting For You,Hoaprox,Festival / progressive house,preserved_existing_popular_seed,medium,title_seed; hydrate video_id and live counters later,0,0,,,https://www.youtube.com/channel/UC7tD6Ifrwbiy-BoaAHEinmQ,https://www.youtube.com/channel/UC7tD6Ifrwbiy-BoaAHEinmQ
diversity:009,diversity,9,,,Ena,Hinkik,Melodic electronic,preserved_existing_popular_seed,medium,title_seed; hydrate video_id and live counters later,0,0,,,https://www.youtube.com/channel/UC7tD6Ifrwbiy-BoaAHEinmQ,https://www.youtube.com/channel/UC7tD6Ifrwbiy-BoaAHEinmQ
diversity:010,diversity,10,,,Lanterns,Xomu,Oriental progressive house,preserved_existing_popular_seed,medium,title_seed; hydrate video_id and live counters later,0,0,,,https://www.youtube.com/channel/UC7tD6Ifrwbiy-BoaAHEinmQ,https://www.youtube.com/channel/UC7tD6Ifrwbiy-BoaAHEinmQ
diversity:011,diversity,11,,,Sapphire (feat. Xomu),Yirokos & Xomu,House / dance,preserved_existing_popular_seed,medium,title_seed; hydrate video_id and live counters later,0,0,,,https://www.youtube.com/channel/UC7tD6Ifrwbiy-BoaAHEinmQ,https://www.youtube.com/channel/UC7tD6Ifrwbiy-BoaAHEinmQ
diversity:012,diversity,12,,,Stand With Me,Wisp X,Big room,preserved_existing_popular_seed,medium,title_seed; hydrate video_id and live counters later,0,0,,,https://www.youtube.com/channel/UC7tD6Ifrwbiy-BoaAHEinmQ,https://www.youtube.com/channel/UC7tD6Ifrwbiy-BoaAHEinmQ
diversity:013,diversity,13,,,Phoenix,Vonikk,Electro / bass,preserved_existing_popular_seed,medium,title_seed; hydrate video_id and live counters later,0,0,,,https://www.youtube.com/channel/UC7tD6Ifrwbiy-BoaAHEinmQ,https://www.youtube.com/channel/UC7tD6Ifrwbiy-BoaAHEinmQ
diversity:014,diversity,14,,,Adrenalized,Vonikk,Electro / bass,preserved_existing_popular_seed,medium,title_seed; hydrate video_id and live counters later,0,0,,,https://www.youtube.com/channel/UC7tD6Ifrwbiy-BoaAHEinmQ,https://www.youtube.com/channel/UC7tD6Ifrwbiy-BoaAHEinmQ
diversity:015,diversity,15,,,Get Krazy,Vonikk,Electro / bass,preserved_existing_popular_seed,medium,title_seed; hydrate video_id and live counters later,0,0,,,https://www.youtube.com/channel/UC7tD6Ifrwbiy-BoaAHEinmQ,https://www.youtube.com/channel/UC7tD6Ifrwbiy-BoaAHEinmQ
diversity:016,diversity,16,,,Submarine,Vonikk & Electrode,Electrostep,preserved_existing_popular_seed,medium,title_seed; hydrate video_id and live counters later,0,0,,,https://www.youtube.com/channel/UC7tD6Ifrwbiy-BoaAHEinmQ,https://www.youtube.com/channel/UC7tD6Ifrwbiy-BoaAHEinmQ
diversity:017,diversity,17,,,Time Lapse,Toni Leys,Melodic electronic,preserved_existing_popular_seed,medium,title_seed; hydrate video_id and live counters later,0,0,,,https://www.youtube.com/channel/UC7tD6Ifrwbiy-BoaAHEinmQ,https://www.youtube.com/channel/UC7tD6Ifrwbiy-BoaAHEinmQ
diversity:018,diversity,18,,,Inferno,Patrick Drowie,Electro / bass,preserved_existing_popular_seed,medium,title_seed; hydrate video_id and live counters later,0,0,,,https://www.youtube.com/channel/UC7tD6Ifrwbiy-BoaAHEinmQ,https://www.youtube.com/channel/UC7tD6Ifrwbiy-BoaAHEinmQ
diversity:019,diversity,19,,,The Final Countdown,Haohinh & SVTO,Festival EDM / cover,preserved_existing_popular_seed,medium,title_seed; hydrate video_id and live counters later,0,0,,,https://www.youtube.com/channel/UC7tD6Ifrwbiy-BoaAHEinmQ,https://www.youtube.com/channel/UC7tD6Ifrwbiy-BoaAHEinmQ
diversity:020,diversity,20,,,One Last Time,DG812,Melodic EDM,preserved_existing_popular_seed,medium,title_seed; hydrate video_id and live counters later,0,0,,,https://www.youtube.com/channel/UC7tD6Ifrwbiy-BoaAHEinmQ,https://www.youtube.com/channel/UC7tD6Ifrwbiy-BoaAHEinmQ
diversity:021,diversity,21,,,It Ended In Tears,DG812,Melodic EDM,preserved_existing_popular_seed,medium,title_seed; hydrate video_id and live counters later,0,0,,,https://www.youtube.com/channel/UC7tD6Ifrwbiy-BoaAHEinmQ,https://www.youtube.com/channel/UC7tD6Ifrwbiy-BoaAHEinmQ
diversity:022,diversity,22,,,Journey,DG812,Melodic EDM,preserved_existing_popular_seed,medium,title_seed; hydrate video_id and live counters later,0,0,,,https://www.youtube.com/channel/UC7tD6Ifrwbiy-BoaAHEinmQ,https://www.youtube.com/channel/UC7tD6Ifrwbiy-BoaAHEinmQ
diversity:023,diversity,23,,,Nobody,Urbanstep,Bass music,preserved_existing_popular_seed,medium,title_seed; hydrate video_id and live counters later,0,0,,,https://www.youtube.com/channel/UC7tD6Ifrwbiy-BoaAHEinmQ,https://www.youtube.com/channel/UC7tD6Ifrwbiy-BoaAHEinmQ
diversity:024,diversity,24,,,Too Hot,BÔN,Bass house,preserved_existing_popular_seed,medium,title_seed; hydrate video_id and live counters later,0,0,,,https://www.youtube.com/channel/UC7tD6Ifrwbiy-BoaAHEinmQ,https://www.youtube.com/channel/UC7tD6Ifrwbiy-BoaAHEinmQ
diversity:025,diversity,25,,,Commodus Pt. 2 (The Menace),Stefan Nixdorf,Cinematic bass / electro,preserved_existing_popular_seed,medium,title_seed; hydrate video_id and live counters later,0,0,,,https://www.youtube.com/channel/UC7tD6Ifrwbiy-BoaAHEinmQ,https://www.youtube.com/channel/UC7tD6Ifrwbiy-BoaAHEinmQ
diversity:026,diversity,26,,,Escape,Haohinh & BAT3,Electronic / bass,preserved_existing_popular_seed,medium,title_seed; hydrate video_id and live counters later,0,0,,,https://www.youtube.com/channel/UC7tD6Ifrwbiy-BoaAHEinmQ,https://www.youtube.com/channel/UC7tD6Ifrwbiy-BoaAHEinmQ
diversity:027,diversity,27,,,Asuka (Miyuri Remix),PIKASONIC / Miyuri,Future bass remix,preserved_existing_popular_seed,medium,title_seed; hydrate video_id and live counters later,0,0,,,https://www.youtube.com/channel/UC7tD6Ifrwbiy-BoaAHEinmQ,https://www.youtube.com/channel/UC7tD6Ifrwbiy-BoaAHEinmQ
diversity:028,diversity,28,,,Pagoda (Miyuri Remix),Xomu & Amidst / Miyuri,House remix,preserved_existing_popular_seed,medium,title_seed; hydrate video_id and live counters later,0,0,,,https://www.youtube.com/channel/UC7tD6Ifrwbiy-BoaAHEinmQ,https://www.youtube.com/channel/UC7tD6Ifrwbiy-BoaAHEinmQ
diversity:029,diversity,29,,,Lanterns (Miyuri Remix),Xomu / Miyuri,House remix,preserved_existing_popular_seed,medium,title_seed; hydrate video_id and live counters later,0,0,,,https://www.youtube.com/channel/UC7tD6Ifrwbiy-BoaAHEinmQ,https://www.youtube.com/channel/UC7tD6Ifrwbiy-BoaAHEinmQ
diversity:030,diversity,30,,,Lanterns (Remix),Fzisshy & Xomu,Electronic remix,preserved_existing_popular_seed,medium,title_seed; hydrate video_id and live counters later,0,0,,,https://www.youtube.com/channel/UC7tD6Ifrwbiy-BoaAHEinmQ,https://www.youtube.com/channel/UC7tD6Ifrwbiy-BoaAHEinmQ
diversity:031,diversity,31,WmC-Cp2ZE70,https://www.youtube.com/watch?v=WmC-Cp2ZE70,Urbanstep - Icebreaker,Diversity,dubstep / electronic,curated_popular_extension,high,video_id verified; hydrate counters later,0,0,,,https://www.youtube.com/channel/UC7tD6Ifrwbiy-BoaAHEinmQ,https://www.youtube.com/watch?v=WmC-Cp2ZE70
diversity:032,diversity,32,wxGA4h7eOC8,https://www.youtube.com/watch?v=wxGA4h7eOC8,DEAF KEV - Samurai,Diversity,glitch hop,curated_popular_extension,high,video_id verified; hydrate counters later,0,0,,,https://www.youtube.com/channel/UC7tD6Ifrwbiy-BoaAHEinmQ,https://www.youtube.com/watch?v=wxGA4h7eOC8
diversity:033,diversity,33,9XmcxcvVlFo,https://www.youtube.com/watch?v=9XmcxcvVlFo,NeoTune! - In My Head,Diversity,melodic electronic,curated_popular_extension,medium,video_id verified; hydrate counters later,0,0,,,https://www.youtube.com/channel/UC7tD6Ifrwbiy-BoaAHEinmQ,https://www.youtube.com/watch?v=9XmcxcvVlFo
diversity:034,diversity,34,EhIJzB8rrgg,https://www.youtube.com/watch?v=EhIJzB8rrgg,Warptech - The Island,Diversity,electronic,curated_popular_extension,medium,video_id verified; hydrate counters later,0,0,,,https://www.youtube.com/channel/UC7tD6Ifrwbiy-BoaAHEinmQ,https://www.youtube.com/watch?v=EhIJzB8rrgg
diversity:035,diversity,35,jvXxNDia9V4,https://www.youtube.com/watch?v=jvXxNDia9V4,SVRGE - Animosity,Diversity,electronic / bass,curated_popular_extension,medium,video_id verified; hydrate counters later,0,0,,,https://www.youtube.com/channel/UC7tD6Ifrwbiy-BoaAHEinmQ,https://www.youtube.com/watch?v=jvXxNDia9V4
diversity:036,diversity,36,BwE6K1ZMppI,https://www.youtube.com/watch?v=BwE6K1ZMppI,Xomu & Retrograde - Airborne,Diversity,melodic EDM,curated_popular_extension,medium,video_id verified; hydrate counters later,0,0,,,https://www.youtube.com/channel/UC7tD6Ifrwbiy-BoaAHEinmQ,https://www.youtube.com/watch?v=BwE6K1ZMppI
diversity:037,diversity,37,YOcwtc9Jpls,https://www.youtube.com/watch?v=YOcwtc9Jpls,Xomu - Last Dance (IELY Remix),Diversity,future house remix,user_pinned_extension,high,video_id verified; hydrate counters later,1,0,,,https://www.youtube.com/channel/UC7tD6Ifrwbiy-BoaAHEinmQ,https://www.youtube.com/watch?v=YOcwtc9Jpls
diversity:038,diversity,38,LDnBiftgWuo,https://www.youtube.com/watch?v=LDnBiftgWuo,Emplexx - LUV U,Diversity,electronic,curated_popular_extension,medium,video_id verified; hydrate counters later,0,0,,,https://www.youtube.com/channel/UC7tD6Ifrwbiy-BoaAHEinmQ,https://www.youtube.com/watch?v=LDnBiftgWuo
diversity:039,diversity,39,YwzIbcuaFUo,https://www.youtube.com/watch?v=YwzIbcuaFUo,SVRGE - Nocturnal,Diversity,electronic / bass,curated_popular_extension,medium,video_id verified; hydrate counters later,0,0,,,https://www.youtube.com/channel/UC7tD6Ifrwbiy-BoaAHEinmQ,https://www.youtube.com/watch?v=YwzIbcuaFUo
diversity:040,diversity,40,rda7Kmgc6e8,https://www.youtube.com/watch?v=rda7Kmgc6e8,Warptech - Last Summer,Diversity,melodic electronic,curated_popular_extension,medium,video_id verified; hydrate counters later,0,0,,,https://www.youtube.com/channel/UC7tD6Ifrwbiy-BoaAHEinmQ,https://www.youtube.com/watch?v=rda7Kmgc6e8
starling_edm:001,starling_edm,1,,,Pagoda,Xomu & Amidst,Progressive house,preserved_existing_popular_seed,medium,title_seed; hydrate video_id and live counters later,0,0,,,https://www.youtube.com/@StarlingEDMx,https://www.youtube.com/@StarlingEDMx
starling_edm:002,starling_edm,2,,,Miss You,PIKASONIC,Future bass / kawaii EDM,preserved_existing_popular_seed,medium,title_seed; hydrate video_id and live counters later,0,0,,,https://www.youtube.com/@StarlingEDMx,https://www.youtube.com/@StarlingEDMx
starling_edm:003,starling_edm,3,,,China-A,YUAN / 徐梦圆,Chinese EDM,preserved_existing_popular_seed,medium,title_seed; hydrate video_id and live counters later,0,0,,,https://www.youtube.com/@StarlingEDMx,https://www.youtube.com/@StarlingEDMx
starling_edm:004,starling_edm,4,,,China-B,Arealy,Chinese EDM,preserved_existing_popular_seed,medium,title_seed; hydrate video_id and live counters later,0,0,,,https://www.youtube.com/@StarlingEDMx,https://www.youtube.com/@StarlingEDMx
starling_edm:005,starling_edm,5,,,China-C,YUAN / 徐梦圆,Chinese EDM,preserved_existing_popular_seed,medium,title_seed; hydrate video_id and live counters later,0,0,,,https://www.youtube.com/@StarlingEDMx,https://www.youtube.com/@StarlingEDMx
starling_edm:006,starling_edm,6,,,China-D,Aexly,Chinese EDM,preserved_existing_popular_seed,medium,title_seed; hydrate video_id and live counters later,0,0,,,https://www.youtube.com/@StarlingEDMx,https://www.youtube.com/@StarlingEDMx
starling_edm:007,starling_edm,7,,,China-E,YUAN / 徐梦圆,Chinese EDM,preserved_existing_popular_seed,medium,title_seed; hydrate video_id and live counters later,0,0,,,https://www.youtube.com/@StarlingEDMx,https://www.youtube.com/@StarlingEDMx
starling_edm:008,starling_edm,8,,,China-Future,YUAN / 徐梦圆,Chinese EDM,preserved_existing_popular_seed,medium,title_seed; hydrate video_id and live counters later,0,0,,,https://www.youtube.com/@StarlingEDMx,https://www.youtube.com/@StarlingEDMx
starling_edm:009,starling_edm,9,,,China-P,YUAN / 徐梦圆,Chinese EDM,preserved_existing_popular_seed,medium,title_seed; hydrate video_id and live counters later,0,0,,,https://www.youtube.com/@StarlingEDMx,https://www.youtube.com/@StarlingEDMx
starling_edm:010,starling_edm,10,,,China-X,YUAN / 徐梦圆,Chinese EDM,preserved_existing_popular_seed,medium,title_seed; hydrate video_id and live counters later,0,0,,,https://www.youtube.com/@StarlingEDMx,https://www.youtube.com/@StarlingEDMx
starling_edm:011,starling_edm,11,,,China-PiPa (元小汐 Remix),YUAN / 元小汐,Chinese EDM remix,preserved_existing_popular_seed,medium,title_seed; hydrate video_id and live counters later,0,0,,,https://www.youtube.com/@StarlingEDMx,https://www.youtube.com/@StarlingEDMx
starling_edm:012,starling_edm,12,,,Passionwaves,StarlingEDM,Electronic,preserved_existing_popular_seed,medium,title_seed; hydrate video_id and live counters later,0,0,,,https://www.youtube.com/@StarlingEDMx,https://www.youtube.com/@StarlingEDMx
starling_edm:013,starling_edm,13,,,Rise to the Sky,StarlingEDM,Electronic,preserved_existing_popular_seed,medium,title_seed; hydrate video_id and live counters later,0,0,,,https://www.youtube.com/@StarlingEDMx,https://www.youtube.com/@StarlingEDMx
starling_edm:014,starling_edm,14,,,Z-PERADOR,StarlingEDM,Electronic / bass,preserved_existing_popular_seed,medium,title_seed; hydrate video_id and live counters later,0,0,,,https://www.youtube.com/@StarlingEDMx,https://www.youtube.com/@StarlingEDMx
starling_edm:015,starling_edm,15,,,Undercover,StarlingEDM,Electronic,preserved_existing_popular_seed,medium,title_seed; hydrate video_id and live counters later,0,0,,,https://www.youtube.com/@StarlingEDMx,https://www.youtube.com/@StarlingEDMx
starling_edm:016,starling_edm,16,,,Faultline Embrace,StarlingEDM,Electronic,preserved_existing_popular_seed,medium,title_seed; hydrate video_id and live counters later,0,0,,,https://www.youtube.com/@StarlingEDMx,https://www.youtube.com/@StarlingEDMx
starling_edm:017,starling_edm,17,,,Apocalypse Afterlove,StarlingEDM,Electronic,preserved_existing_popular_seed,medium,title_seed; hydrate video_id and live counters later,0,0,,,https://www.youtube.com/@StarlingEDMx,https://www.youtube.com/@StarlingEDMx
starling_edm:018,starling_edm,18,,,Skyline,StarlingEDM,Electronic,preserved_existing_popular_seed,medium,title_seed; hydrate video_id and live counters later,0,0,,,https://www.youtube.com/@StarlingEDMx,https://www.youtube.com/@StarlingEDMx
starling_edm:019,starling_edm,19,,,Unspoken,StarlingEDM,Electronic,preserved_existing_popular_seed,medium,title_seed; hydrate video_id and live counters later,0,0,,,https://www.youtube.com/@StarlingEDMx,https://www.youtube.com/@StarlingEDMx
starling_edm:020,starling_edm,20,,,Blushing!,StarlingEDM,Electronic,preserved_existing_popular_seed,medium,title_seed; hydrate video_id and live counters later,0,0,,,https://www.youtube.com/@StarlingEDMx,https://www.youtube.com/@StarlingEDMx
starling_edm:021,starling_edm,21,,,My Angels,StarlingEDM,Electronic,preserved_existing_popular_seed,medium,title_seed; hydrate video_id and live counters later,0,0,,,https://www.youtube.com/@StarlingEDMx,https://www.youtube.com/@StarlingEDMx
starling_edm:022,starling_edm,22,,,Falling,StarlingEDM,Electronic,preserved_existing_popular_seed,medium,title_seed; hydrate video_id and live counters later,0,0,,,https://www.youtube.com/@StarlingEDMx,https://www.youtube.com/@StarlingEDMx
starling_edm:023,starling_edm,23,,,All Over Again,StarlingEDM,Electronic,preserved_existing_popular_seed,medium,title_seed; hydrate video_id and live counters later,0,0,,,https://www.youtube.com/@StarlingEDMx,https://www.youtube.com/@StarlingEDMx
starling_edm:024,starling_edm,24,,,Piece of Me,StarlingEDM,Electronic,preserved_existing_popular_seed,medium,title_seed; hydrate video_id and live counters later,0,0,,,https://www.youtube.com/@StarlingEDMx,https://www.youtube.com/@StarlingEDMx
starling_edm:025,starling_edm,25,,,Don't Be Lonely,StarlingEDM,Electronic,preserved_existing_popular_seed,medium,title_seed; hydrate video_id and live counters later,0,0,,,https://www.youtube.com/@StarlingEDMx,https://www.youtube.com/@StarlingEDMx
starling_edm:026,starling_edm,26,,,Heiki Sou Desho (平気そうでしょ),StarlingEDM,Electronic / Japanese pop EDM,preserved_existing_popular_seed,medium,title_seed; hydrate video_id and live counters later,0,0,,,https://www.youtube.com/@StarlingEDMx,https://www.youtube.com/@StarlingEDMx
starling_edm:027,starling_edm,27,,,I'm Over,StarlingEDM,Electronic,preserved_existing_popular_seed,medium,title_seed; hydrate video_id and live counters later,0,0,,,https://www.youtube.com/@StarlingEDMx,https://www.youtube.com/@StarlingEDMx
starling_edm:028,starling_edm,28,,,What Do You Feel?,4sta. & StarlingEDM,Electronic album track,preserved_existing_popular_seed,medium,title_seed; hydrate video_id and live counters later,0,0,,,https://www.youtube.com/@StarlingEDMx,https://www.youtube.com/@StarlingEDMx
starling_edm:029,starling_edm,29,,,Usagi Flap (Future Funk Edit),StarlingEDM,Future funk,preserved_existing_popular_seed,medium,title_seed; hydrate video_id and live counters later,0,0,,,https://www.youtube.com/@StarlingEDMx,https://www.youtube.com/@StarlingEDMx
starling_edm:030,starling_edm,30,,,XIANG NI FUNK,StarlingEDM,Funk / phonk-adjacent electronic,preserved_existing_popular_seed,medium,title_seed; hydrate video_id and live counters later,0,0,,,https://www.youtube.com/@StarlingEDMx,https://www.youtube.com/@StarlingEDMx
starling_edm:031,starling_edm,31,seHi7cm_51E,https://www.youtube.com/watch?v=seHi7cm_51E,C!trus - Tell Me,StarlingEDM,future bass / melodic,curated_popular_extension,high,video_id verified; hydrate counters later,0,0,,,https://www.youtube.com/@StarlingEDMx,https://www.youtube.com/watch?v=seHi7cm_51E
starling_edm:032,starling_edm,32,UCC2FE8Ay1o,https://www.youtube.com/watch?v=UCC2FE8Ay1o,Halee Royal - Vọng Nguyệt,StarlingEDM,Chinese melodic EDM,curated_popular_extension,high,video_id verified; hydrate counters later,0,0,,,https://www.youtube.com/@StarlingEDMx,https://www.youtube.com/watch?v=UCC2FE8Ay1o
starling_edm:033,starling_edm,33,VEov3iySwpE,https://www.youtube.com/watch?v=VEov3iySwpE,千坂 - Settle,StarlingEDM,melodic electronic,curated_popular_extension,high,video_id verified; hydrate counters later,0,0,,,https://www.youtube.com/@StarlingEDMx,https://www.youtube.com/watch?v=VEov3iySwpE
starling_edm:034,starling_edm,34,40NS9ZF4dI8,https://www.youtube.com/watch?v=40NS9ZF4dI8,DG812 - Rain,StarlingEDM,melodic electronic,curated_popular_extension,medium,video_id verified; hydrate counters later,0,0,,,https://www.youtube.com/@StarlingEDMx,https://www.youtube.com/watch?v=40NS9ZF4dI8
starling_edm:035,starling_edm,35,_OIjTrprkVg,https://www.youtube.com/watch?v=_OIjTrprkVg,千坂 & SaMZIng - Fireflies,StarlingEDM,melodic electronic,curated_popular_extension,medium,video_id verified; hydrate counters later,0,0,,,https://www.youtube.com/@StarlingEDMx,https://www.youtube.com/watch?v=_OIjTrprkVg
starling_edm:036,starling_edm,36,S25rziMdXVg,https://www.youtube.com/watch?v=S25rziMdXVg,sTayU & Hyp3rLaps3 - Jana,StarlingEDM,kawaii / melodic EDM,curated_popular_extension,medium,video_id verified; hydrate counters later,0,0,,,https://www.youtube.com/@StarlingEDMx,https://www.youtube.com/watch?v=S25rziMdXVg
starling_edm:037,starling_edm,37,z2T_zszoTVM,https://www.youtube.com/watch?v=z2T_zszoTVM,Rocket Start - Donuts,StarlingEDM,kawaii electronic,curated_popular_extension,high,video_id verified; hydrate counters later,0,0,,,https://www.youtube.com/@StarlingEDMx,https://www.youtube.com/watch?v=z2T_zszoTVM
starling_edm:038,starling_edm,38,vGb80Pjv0UE,https://www.youtube.com/watch?v=vGb80Pjv0UE,KJ Physical - Castle On The Cloud,StarlingEDM,future bounce,curated_popular_extension,high,video_id verified; hydrate counters later,0,0,,,https://www.youtube.com/@StarlingEDMx,https://www.youtube.com/watch?v=vGb80Pjv0UE
starling_edm:039,starling_edm,39,AQkbn6_1eZg,https://www.youtube.com/watch?v=AQkbn6_1eZg,sTayU - Smile,StarlingEDM,kawaii electronic,curated_popular_extension,high,video_id verified; hydrate counters later,0,0,,,https://www.youtube.com/@StarlingEDMx,https://www.youtube.com/watch?v=AQkbn6_1eZg
starling_edm:040,starling_edm,40,RBsS_kjU7HI,https://www.youtube.com/watch?v=RBsS_kjU7HI,sTayU - Summer,StarlingEDM,melodic electronic,curated_popular_extension,high,video_id verified; hydrate counters later,0,0,,,https://www.youtube.com/@StarlingEDMx,https://www.youtube.com/watch?v=RBsS_kjU7HI
xu_mengyuan:001,xu_mengyuan,1,,,China-E,YUAN / 徐梦圆,Chinese EDM / electronic,preserved_existing_popular_seed,medium,title_seed; hydrate video_id and live counters later,0,0,,,https://www.youtube.com/@yuanmengcn,https://music.apple.com/ca/artist/yuan/1287737892
xu_mengyuan:002,xu_mengyuan,2,,,China-Future,YUAN / 徐梦圆,Chinese EDM,preserved_existing_popular_seed,medium,title_seed; hydrate video_id and live counters later,0,0,,,https://www.youtube.com/@yuanmengcn,https://music.apple.com/ca/artist/yuan/1287737892
xu_mengyuan:003,xu_mengyuan,3,,,China-Happy,YUAN / 徐梦圆,Chinese EDM,preserved_existing_popular_seed,medium,title_seed; hydrate video_id and live counters later,0,0,,,https://www.youtube.com/@yuanmengcn,https://music.apple.com/ca/artist/yuan/1287737892
xu_mengyuan:004,xu_mengyuan,4,,,China-X,YUAN / 徐梦圆,Chinese EDM,preserved_existing_popular_seed,medium,title_seed; hydrate video_id and live counters later,0,0,,,https://www.youtube.com/@yuanmengcn,https://music.apple.com/ca/artist/yuan/1287737892
xu_mengyuan:005,xu_mengyuan,5,,,China-X (Extended Mix),YUAN / 徐梦圆,Chinese EDM,preserved_existing_popular_seed,medium,title_seed; hydrate video_id and live counters later,0,0,,,https://www.youtube.com/@yuanmengcn,https://music.apple.com/ca/artist/yuan/1287737892
xu_mengyuan:006,xu_mengyuan,6,,,China-Dance,YUAN / 徐梦圆,Chinese EDM / dance,preserved_existing_popular_seed,medium,title_seed; hydrate video_id and live counters later,0,0,,,https://www.youtube.com/@yuanmengcn,https://music.apple.com/ca/artist/yuan/1287737892
xu_mengyuan:007,xu_mengyuan,7,,,Saviour,YUAN / 徐梦圆,Electronic,preserved_existing_popular_seed,medium,title_seed; hydrate video_id and live counters later,0,0,,,https://www.youtube.com/@yuanmengcn,https://music.apple.com/ca/artist/yuan/1287737892
xu_mengyuan:008,xu_mengyuan,8,,,China-P,YUAN / 徐梦圆,Chinese EDM,preserved_existing_popular_seed,medium,title_seed; hydrate video_id and live counters later,0,0,,,https://www.youtube.com/@yuanmengcn,https://music.apple.com/ca/artist/yuan/1287737892
xu_mengyuan:009,xu_mengyuan,9,,,CHINA-元宵,YUAN / 徐梦圆,Chinese EDM,preserved_existing_popular_seed,medium,title_seed; hydrate video_id and live counters later,0,0,,,https://www.youtube.com/@yuanmengcn,https://music.apple.com/ca/artist/yuan/1287737892
xu_mengyuan:010,xu_mengyuan,10,,,CHINA-海风,YUAN / 徐梦圆,Chinese EDM,preserved_existing_popular_seed,medium,title_seed; hydrate video_id and live counters later,0,0,,,https://www.youtube.com/@yuanmengcn,https://music.apple.com/ca/artist/yuan/1287737892
xu_mengyuan:011,xu_mengyuan,11,,,China-PiPa,YUAN / 徐梦圆,Chinese EDM / pipa,preserved_existing_popular_seed,medium,title_seed; hydrate video_id and live counters later,0,0,,,https://www.youtube.com/@yuanmengcn,https://music.apple.com/ca/artist/yuan/1287737892
xu_mengyuan:012,xu_mengyuan,12,,,China-Rain,YUAN / 徐梦圆,Chinese EDM / ambient house,preserved_existing_popular_seed,medium,title_seed; hydrate video_id and live counters later,0,0,,,https://www.youtube.com/@yuanmengcn,https://music.apple.com/ca/artist/yuan/1287737892
xu_mengyuan:013,xu_mengyuan,13,,,China-C,YUAN / 徐梦圆,Chinese EDM,preserved_existing_popular_seed,medium,title_seed; hydrate video_id and live counters later,0,0,,,https://www.youtube.com/@yuanmengcn,https://music.apple.com/ca/artist/yuan/1287737892
xu_mengyuan:014,xu_mengyuan,14,,,China-A,YUAN / 徐梦圆,Chinese EDM,preserved_existing_popular_seed,medium,title_seed; hydrate video_id and live counters later,0,0,,,https://www.youtube.com/@yuanmengcn,https://music.apple.com/ca/artist/yuan/1287737892
xu_mengyuan:015,xu_mengyuan,15,,,China-L,YUAN / 徐梦圆,Chinese EDM,preserved_existing_popular_seed,medium,title_seed; hydrate video_id and live counters later,0,0,,,https://www.youtube.com/@yuanmengcn,https://music.apple.com/ca/artist/yuan/1287737892
xu_mengyuan:016,xu_mengyuan,16,,,China-Y,YUAN / 徐梦圆,Chinese EDM,preserved_existing_popular_seed,medium,title_seed; hydrate video_id and live counters later,0,0,,,https://www.youtube.com/@yuanmengcn,https://music.apple.com/ca/artist/yuan/1287737892
xu_mengyuan:017,xu_mengyuan,17,,,CHINA-韵,YUAN / 徐梦圆,Chinese EDM,preserved_existing_popular_seed,medium,title_seed; hydrate video_id and live counters later,0,0,,,https://www.youtube.com/@yuanmengcn,https://music.apple.com/ca/artist/yuan/1287737892
xu_mengyuan:018,xu_mengyuan,18,,,CHINA-复苏,YUAN / 徐梦圆,Chinese EDM,preserved_existing_popular_seed,medium,title_seed; hydrate video_id and live counters later,0,0,,,https://www.youtube.com/@yuanmengcn,https://music.apple.com/ca/artist/yuan/1287737892
xu_mengyuan:019,xu_mengyuan,19,,,CHINA-花灯,YUAN / 徐梦圆,Chinese EDM,preserved_existing_popular_seed,medium,title_seed; hydrate video_id and live counters later,0,0,,,https://www.youtube.com/@yuanmengcn,https://music.apple.com/ca/artist/yuan/1287737892
xu_mengyuan:020,xu_mengyuan,20,,,CHINA-桃源,YUAN / 徐梦圆,Chinese EDM,preserved_existing_popular_seed,medium,title_seed; hydrate video_id and live counters later,0,0,,,https://www.youtube.com/@yuanmengcn,https://music.apple.com/ca/artist/yuan/1287737892
xu_mengyuan:021,xu_mengyuan,21,,,CHINA-听泉,YUAN / 徐梦圆,Chinese EDM / ambient,preserved_existing_popular_seed,medium,title_seed; hydrate video_id and live counters later,0,0,,,https://www.youtube.com/@yuanmengcn,https://music.apple.com/ca/artist/yuan/1287737892
xu_mengyuan:022,xu_mengyuan,22,,,CHINA-妄念,YUAN / 徐梦圆,Chinese EDM,preserved_existing_popular_seed,medium,title_seed; hydrate video_id and live counters later,0,0,,,https://www.youtube.com/@yuanmengcn,https://music.apple.com/ca/artist/yuan/1287737892
xu_mengyuan:023,xu_mengyuan,23,,,CHINA-山花,YUAN / 徐梦圆,Chinese EDM,preserved_existing_popular_seed,medium,title_seed; hydrate video_id and live counters later,0,0,,,https://www.youtube.com/@yuanmengcn,https://music.apple.com/ca/artist/yuan/1287737892
xu_mengyuan:024,xu_mengyuan,24,,,CHINA-自在,YUAN / 徐梦圆,Chinese EDM,preserved_existing_popular_seed,medium,title_seed; hydrate video_id and live counters later,0,0,,,https://www.youtube.com/@yuanmengcn,https://music.apple.com/ca/artist/yuan/1287737892
xu_mengyuan:025,xu_mengyuan,25,,,CHINA-春池,YUAN / 徐梦圆,Chinese EDM,preserved_existing_popular_seed,medium,title_seed; hydrate video_id and live counters later,0,0,,,https://www.youtube.com/@yuanmengcn,https://music.apple.com/ca/artist/yuan/1287737892
xu_mengyuan:026,xu_mengyuan,26,,,CHINA-团圆,YUAN / 徐梦圆,Chinese EDM,preserved_existing_popular_seed,medium,title_seed; hydrate video_id and live counters later,0,0,,,https://www.youtube.com/@yuanmengcn,https://music.apple.com/ca/artist/yuan/1287737892
xu_mengyuan:027,xu_mengyuan,27,,,CHINA-丰年,YUAN / 徐梦圆,Chinese EDM,preserved_existing_popular_seed,medium,title_seed; hydrate video_id and live counters later,0,0,,,https://www.youtube.com/@yuanmengcn,https://music.apple.com/ca/artist/yuan/1287737892
xu_mengyuan:028,xu_mengyuan,28,,,CHINA-烟雨,YUAN / 徐梦圆,Chinese EDM,preserved_existing_popular_seed,medium,title_seed; hydrate video_id and live counters later,0,0,,,https://www.youtube.com/@yuanmengcn,https://music.apple.com/ca/artist/yuan/1287737892
xu_mengyuan:029,xu_mengyuan,29,,,China-W,YUAN / 徐梦圆,Chinese EDM,preserved_existing_popular_seed,medium,title_seed; hydrate video_id and live counters later,0,0,,,https://www.youtube.com/@yuanmengcn,https://music.apple.com/ca/artist/yuan/1287737892
xu_mengyuan:030,xu_mengyuan,30,,,CHINA-晨曦,YUAN / 徐梦圆,Chinese EDM,preserved_existing_popular_seed,medium,title_seed; hydrate video_id and live counters later,0,0,,,https://www.youtube.com/@yuanmengcn,https://music.apple.com/ca/artist/yuan/1287737892
xu_mengyuan:031,xu_mengyuan,31,3kXrysNiPI0,https://www.youtube.com/watch?v=3kXrysNiPI0,徐梦圆 - 谜 (Instrumental Version),音乐人徐梦圆YUAN,Chinese melodic instrumental,user_pinned_extension,high,video_id verified; hydrate counters later,1,0,,,https://www.youtube.com/@yuanmengcn,https://www.youtube.com/watch?v=3kXrysNiPI0
xu_mengyuan:032,xu_mengyuan,32,V9qnvkUKwcQ,https://www.youtube.com/watch?v=V9qnvkUKwcQ,徐梦圆 - CHINA-芽,音乐人徐梦圆YUAN,Chinese EDM,user_pinned_extension,high,video_id verified; hydrate counters later,1,0,,,https://www.youtube.com/@yuanmengcn,https://www.youtube.com/watch?v=V9qnvkUKwcQ
xu_mengyuan:033,xu_mengyuan,33,SUczGVvU0zQ,https://www.youtube.com/watch?v=SUczGVvU0zQ,徐梦圆 - CHINA-渔村,音乐人徐梦圆YUAN,Chinese EDM,user_pinned_extension,high,video_id verified; hydrate counters later,1,0,,,https://www.youtube.com/@yuanmengcn,https://www.youtube.com/watch?v=SUczGVvU0zQ
xu_mengyuan:034,xu_mengyuan,34,wZyi49q84xk,https://www.youtube.com/watch?v=wZyi49q84xk,徐梦圆 - CHINA-田园,音乐人徐梦圆YUAN,Chinese EDM,user_pinned_extension,high,video_id verified; hydrate counters later,1,0,,,https://www.youtube.com/@yuanmengcn,https://www.youtube.com/watch?v=wZyi49q84xk
xu_mengyuan:035,xu_mengyuan,35,-wP86pKQwDs,https://www.youtube.com/watch?v=-wP86pKQwDs,徐梦圆 - CHINA-闲,音乐人徐梦圆YUAN,Chinese EDM,user_pinned_extension,high,video_id verified; hydrate counters later,1,0,,,https://www.youtube.com/@yuanmengcn,https://www.youtube.com/watch?v=-wP86pKQwDs
xu_mengyuan:036,xu_mengyuan,36,hnUVi9jcLMs,https://www.youtube.com/watch?v=hnUVi9jcLMs,徐梦圆 - China-O,音乐人徐梦圆YUAN,Chinese EDM,user_pinned_extension,high,video_id verified; hydrate counters later,1,0,,,https://www.youtube.com/@yuanmengcn,https://www.youtube.com/watch?v=hnUVi9jcLMs
xu_mengyuan:037,xu_mengyuan,37,55O3jwNpC-4,https://www.youtube.com/watch?v=55O3jwNpC-4,徐梦圆 - China-D,音乐人徐梦圆YUAN,Chinese EDM,user_pinned_extension,high,video_id verified; hydrate counters later,1,0,,,https://www.youtube.com/@yuanmengcn,https://www.youtube.com/watch?v=55O3jwNpC-4
xu_mengyuan:038,xu_mengyuan,38,xPxmGNfZ24w,https://www.youtube.com/watch?v=xPxmGNfZ24w,徐梦圆 - [title will be hydrated from YouTube],音乐人徐梦圆YUAN,Chinese EDM,user_pinned_extension,medium,video_id verified; hydrate counters later,1,0,,,https://www.youtube.com/@yuanmengcn,https://www.youtube.com/watch?v=xPxmGNfZ24w
xu_mengyuan:039,xu_mengyuan,39,DVKMFFSG0zo,https://www.youtube.com/watch?v=DVKMFFSG0zo,徐梦圆 - CHINA-盼春,音乐人徐梦圆YUAN,Chinese EDM,user_pinned_extension,high,video_id verified; hydrate counters later,1,0,,,https://www.youtube.com/@yuanmengcn,https://www.youtube.com/watch?v=DVKMFFSG0zo
xu_mengyuan:040,xu_mengyuan,40,MQ9eCnPsRRo,https://www.youtube.com/watch?v=MQ9eCnPsRRo,徐梦圆 YUAN - CHINA-冬雪,音乐人徐梦圆YUAN,Chinese EDM,user_pinned_extension,high,video_id verified; hydrate counters later,1,0,,,https://www.youtube.com/@yuanmengcn,https://www.youtube.com/watch?v=MQ9eCnPsRRo
myomouse:001,myomouse,1,,,History of Vietnam,MyoMouse,Vietnamese ethnic house,preserved_existing_popular_seed,medium,title_seed; hydrate video_id and live counters later,0,0,,,https://www.youtube.com/channel/UCwVtvIJotUJSxT1gkn_wAgw,https://www.youtube.com/channel/UCwVtvIJotUJSxT1gkn_wAgw
myomouse:002,myomouse,2,,,Viet Nam,MyoMouse,Vietnamese ethnic EDM,preserved_existing_popular_seed,medium,title_seed; hydrate video_id and live counters later,0,0,,,https://www.youtube.com/channel/UCwVtvIJotUJSxT1gkn_wAgw,https://www.youtube.com/channel/UCwVtvIJotUJSxT1gkn_wAgw
myomouse:003,myomouse,3,,,Ancient Beauty (Huyền Sắc Ngàn Xưa),MyoMouse,Cinematic oriental instrumental,preserved_existing_popular_seed,medium,title_seed; hydrate video_id and live counters later,0,0,,,https://www.youtube.com/channel/UCwVtvIJotUJSxT1gkn_wAgw,https://www.youtube.com/channel/UCwVtvIJotUJSxT1gkn_wAgw
myomouse:004,myomouse,4,,,Lunar Moon / Trăng Rằm,MyoMouse,Vietnamese ethnic electronic,preserved_existing_popular_seed,medium,title_seed; hydrate video_id and live counters later,0,0,,,https://www.youtube.com/channel/UCwVtvIJotUJSxT1gkn_wAgw,https://www.youtube.com/channel/UCwVtvIJotUJSxT1gkn_wAgw
myomouse:005,myomouse,5,,,Cẩm Hoa Ý,MyoMouse & ĐGTM,Vietnamese ethnic / cinematic EDM,preserved_existing_popular_seed,medium,title_seed; hydrate video_id and live counters later,0,0,,,https://www.youtube.com/channel/UCwVtvIJotUJSxT1gkn_wAgw,https://www.youtube.com/channel/UCwVtvIJotUJSxT1gkn_wAgw
myomouse:006,myomouse,6,,,Tâm Hoa,MyoMouse,Vietnamese ethnic EDM,preserved_existing_popular_seed,medium,title_seed; hydrate video_id and live counters later,0,0,,,https://www.youtube.com/channel/UCwVtvIJotUJSxT1gkn_wAgw,https://www.youtube.com/channel/UCwVtvIJotUJSxT1gkn_wAgw
myomouse:007,myomouse,7,,,Blood and Tears,MyoMouse,Cinematic / ethnic EDM,preserved_existing_popular_seed,medium,title_seed; hydrate video_id and live counters later,0,0,,,https://www.youtube.com/channel/UCwVtvIJotUJSxT1gkn_wAgw,https://www.youtube.com/channel/UCwVtvIJotUJSxT1gkn_wAgw
myomouse:008,myomouse,8,,,Hoạ Cảnh,MyoMouse & Tuanxeo,Cinematic Vietnamese electronic,preserved_existing_popular_seed,medium,title_seed; hydrate video_id and live counters later,0,0,,,https://www.youtube.com/channel/UCwVtvIJotUJSxT1gkn_wAgw,https://www.youtube.com/channel/UCwVtvIJotUJSxT1gkn_wAgw
myomouse:009,myomouse,9,,,Nhân Gian Xuân Ý,MyoMouse & Tipxi,Vietnamese ethnic electronic,preserved_existing_popular_seed,medium,title_seed; hydrate video_id and live counters later,0,0,,,https://www.youtube.com/channel/UCwVtvIJotUJSxT1gkn_wAgw,https://www.youtube.com/channel/UCwVtvIJotUJSxT1gkn_wAgw
myomouse:010,myomouse,10,,,Maiden,MyoMouse,Cinematic electronic,preserved_existing_popular_seed,medium,title_seed; hydrate video_id and live counters later,0,0,,,https://www.youtube.com/channel/UCwVtvIJotUJSxT1gkn_wAgw,https://www.youtube.com/channel/UCwVtvIJotUJSxT1gkn_wAgw
myomouse:011,myomouse,11,,,Hutieu,MyoMouse & Betterdayz,Vietnamese electronic,preserved_existing_popular_seed,medium,title_seed; hydrate video_id and live counters later,0,0,,,https://www.youtube.com/channel/UCwVtvIJotUJSxT1gkn_wAgw,https://www.youtube.com/channel/UCwVtvIJotUJSxT1gkn_wAgw
myomouse:012,myomouse,12,,,Legendary,MyoMouse,Epic / cinematic EDM,preserved_existing_popular_seed,medium,title_seed; hydrate video_id and live counters later,0,0,,,https://www.youtube.com/channel/UCwVtvIJotUJSxT1gkn_wAgw,https://www.youtube.com/channel/UCwVtvIJotUJSxT1gkn_wAgw
myomouse:013,myomouse,13,,,Son Doong,MyoMouse,Vietnamese cinematic electronic,preserved_existing_popular_seed,medium,title_seed; hydrate video_id and live counters later,0,0,,,https://www.youtube.com/channel/UCwVtvIJotUJSxT1gkn_wAgw,https://www.youtube.com/channel/UCwVtvIJotUJSxT1gkn_wAgw
myomouse:014,myomouse,14,,,Soul City,MyoMouse,Cinematic / electronic,preserved_existing_popular_seed,medium,title_seed; hydrate video_id and live counters later,0,0,,,https://www.youtube.com/channel/UCwVtvIJotUJSxT1gkn_wAgw,https://www.youtube.com/channel/UCwVtvIJotUJSxT1gkn_wAgw
myomouse:015,myomouse,15,,,Eternity,MyoMouse,Cinematic EDM,preserved_existing_popular_seed,medium,title_seed; hydrate video_id and live counters later,0,0,,,https://www.youtube.com/channel/UCwVtvIJotUJSxT1gkn_wAgw,https://www.youtube.com/channel/UCwVtvIJotUJSxT1gkn_wAgw
myomouse:016,myomouse,16,,,To the Stars,MyoMouse,Cinematic EDM,preserved_existing_popular_seed,medium,title_seed; hydrate video_id and live counters later,0,0,,,https://www.youtube.com/channel/UCwVtvIJotUJSxT1gkn_wAgw,https://www.youtube.com/channel/UCwVtvIJotUJSxT1gkn_wAgw
myomouse:017,myomouse,17,,,Space Love,MyoMouse,Electronic / cinematic,preserved_existing_popular_seed,medium,title_seed; hydrate video_id and live counters later,0,0,,,https://www.youtube.com/channel/UCwVtvIJotUJSxT1gkn_wAgw,https://www.youtube.com/channel/UCwVtvIJotUJSxT1gkn_wAgw
myomouse:018,myomouse,18,,,Blossom / Trổ Bông,MyoMouse,Vietnamese ethnic EDM,preserved_existing_popular_seed,medium,title_seed; hydrate video_id and live counters later,0,0,,,https://www.youtube.com/channel/UCwVtvIJotUJSxT1gkn_wAgw,https://www.youtube.com/channel/UCwVtvIJotUJSxT1gkn_wAgw
myomouse:019,myomouse,19,,,Wild Rift,MyoMouse,Gaming / electronic,preserved_existing_popular_seed,medium,title_seed; hydrate video_id and live counters later,0,0,,,https://www.youtube.com/channel/UCwVtvIJotUJSxT1gkn_wAgw,https://www.youtube.com/channel/UCwVtvIJotUJSxT1gkn_wAgw
myomouse:020,myomouse,20,,,Tết Nguyên Đán / Lunar New Year,MyoMouse,Vietnamese festive EDM,preserved_existing_popular_seed,medium,title_seed; hydrate video_id and live counters later,0,0,,,https://www.youtube.com/channel/UCwVtvIJotUJSxT1gkn_wAgw,https://www.youtube.com/channel/UCwVtvIJotUJSxT1gkn_wAgw
myomouse:021,myomouse,21,,,Lũy Tre / Bamboo,MyoMouse,Vietnamese ethnic EDM,preserved_existing_popular_seed,medium,title_seed; hydrate video_id and live counters later,0,0,,,https://www.youtube.com/channel/UCwVtvIJotUJSxT1gkn_wAgw,https://www.youtube.com/channel/UCwVtvIJotUJSxT1gkn_wAgw
myomouse:022,myomouse,22,,,Midnight,MyoMouse & Cuy Quong feat. Schmorgle,Electronic,preserved_existing_popular_seed,medium,title_seed; hydrate video_id and live counters later,0,0,,,https://www.youtube.com/channel/UCwVtvIJotUJSxT1gkn_wAgw,https://www.youtube.com/channel/UCwVtvIJotUJSxT1gkn_wAgw
myomouse:023,myomouse,23,,,Firework,MyoMouse,Electronic,preserved_existing_popular_seed,medium,title_seed; hydrate video_id and live counters later,0,0,,,https://www.youtube.com/channel/UCwVtvIJotUJSxT1gkn_wAgw,https://www.youtube.com/channel/UCwVtvIJotUJSxT1gkn_wAgw
myomouse:024,myomouse,24,,,VIETNAM - My Home,"Masew, Nguyen Loi & MyoMouse",Vietnamese ethnic pop/EDM,preserved_existing_popular_seed,medium,title_seed; hydrate video_id and live counters later,0,0,,,https://www.youtube.com/channel/UCwVtvIJotUJSxT1gkn_wAgw,https://www.youtube.com/channel/UCwVtvIJotUJSxT1gkn_wAgw
myomouse:025,myomouse,25,,,Cưỡi Ngựa Về Trời (Instrumental),Masew & Tuấn Cry; co-produced by MyoMouse,Vietnamese ethnic EDM instrumental,preserved_existing_popular_seed,medium,title_seed; hydrate video_id and live counters later,0,0,,,https://www.youtube.com/channel/UCwVtvIJotUJSxT1gkn_wAgw,https://www.youtube.com/channel/UCwVtvIJotUJSxT1gkn_wAgw
myomouse:026,myomouse,26,,,Cô Gái Mở Đường (TheFatRat Style Remix),MyoMouse,Vietnamese EDM remix,preserved_existing_popular_seed,medium,title_seed; hydrate video_id and live counters later,0,0,,,https://www.youtube.com/channel/UCwVtvIJotUJSxT1gkn_wAgw,https://www.youtube.com/channel/UCwVtvIJotUJSxT1gkn_wAgw
myomouse:027,myomouse,27,,,Sơn Đoòng (Đàn Nguyệt Cover),MyoMouse,Traditional-instrument electronic cover,preserved_existing_popular_seed,medium,title_seed; hydrate video_id and live counters later,0,0,,,https://www.youtube.com/channel/UCwVtvIJotUJSxT1gkn_wAgw,https://www.youtube.com/channel/UCwVtvIJotUJSxT1gkn_wAgw
myomouse:028,myomouse,28,,,Fight!,MyoMouse / performance collaboration,Electronic / performance music,preserved_existing_popular_seed,medium,title_seed; hydrate video_id and live counters later,0,0,,,https://www.youtube.com/channel/UCwVtvIJotUJSxT1gkn_wAgw,https://www.youtube.com/channel/UCwVtvIJotUJSxT1gkn_wAgw
myomouse:029,myomouse,29,,,Cẩm Hoa Ý (instrumental render),MyoMouse & ĐGTM,Vietnamese ethnic / cinematic EDM,preserved_existing_popular_seed,medium,title_seed; hydrate video_id and live counters later,0,0,,,https://www.youtube.com/channel/UCwVtvIJotUJSxT1gkn_wAgw,https://www.youtube.com/channel/UCwVtvIJotUJSxT1gkn_wAgw
myomouse:030,myomouse,30,,,VIETNAM - My Home (Version 2: Sáo),"Masew, MyoMouse & Nguyen Loi",Vietnamese ethnic EDM / flute version,preserved_existing_popular_seed,medium,title_seed; hydrate video_id and live counters later,0,0,,,https://www.youtube.com/channel/UCwVtvIJotUJSxT1gkn_wAgw,https://www.youtube.com/channel/UCwVtvIJotUJSxT1gkn_wAgw
myomouse:031,myomouse,31,zaKD6GGWChM,https://www.youtube.com/watch?v=zaKD6GGWChM,MÙA HÈ RỰC RỠ (Summer Joy) | MyoMouse (Original Mix),MyoMouse,melodic EDM,curated_popular_extension,high,video_id verified; hydrate counters later,0,0,,,https://www.youtube.com/channel/UCwVtvIJotUJSxT1gkn_wAgw,https://www.youtube.com/watch?v=zaKD6GGWChM
myomouse:032,myomouse,32,7SDGNIF9h24,https://www.youtube.com/watch?v=7SDGNIF9h24,Nô Na Mê / NoNaMe - MyoMouse (Original Mix),MyoMouse,electronic,curated_popular_extension,high,video_id verified; hydrate counters later,0,0,,,https://www.youtube.com/channel/UCwVtvIJotUJSxT1gkn_wAgw,https://www.youtube.com/watch?v=7SDGNIF9h24
myomouse:033,myomouse,33,AU1eUjKCWpA,https://www.youtube.com/watch?v=AU1eUjKCWpA,"OẲN TÙ TÌ (Rock, Paper, Scissor) | MyoMouse",MyoMouse,electronic,curated_popular_extension,high,video_id verified; hydrate counters later,0,0,,,https://www.youtube.com/channel/UCwVtvIJotUJSxT1gkn_wAgw,https://www.youtube.com/watch?v=AU1eUjKCWpA
myomouse:034,myomouse,34,OgRnKS3afhY,https://www.youtube.com/watch?v=OgRnKS3afhY,MyoMouse - Kiss Me (Original Mix),MyoMouse,melodic electronic,curated_popular_extension,high,video_id verified; hydrate counters later,0,0,,,https://www.youtube.com/channel/UCwVtvIJotUJSxT1gkn_wAgw,https://www.youtube.com/watch?v=OgRnKS3afhY
myomouse:035,myomouse,35,GW0amhEKJxc,https://www.youtube.com/watch?v=GW0amhEKJxc,MyoMouse - Cô Gái Mở Đường,MyoMouse,Vietnamese ethnic EDM,curated_popular_extension,high,video_id verified; hydrate counters later,0,0,,,https://www.youtube.com/channel/UCwVtvIJotUJSxT1gkn_wAgw,https://www.youtube.com/watch?v=GW0amhEKJxc
myomouse:036,myomouse,36,kyZnSlf4tQ0,https://www.youtube.com/watch?v=kyZnSlf4tQ0,NAM QUỐC SƠN HÀ (History of VIETNAM) [Diversity Release],Diversity / MyoMouse,Vietnamese cinematic EDM,curated_popular_extension,high,video_id verified; hydrate counters later,0,1,,,https://www.youtube.com/channel/UCwVtvIJotUJSxT1gkn_wAgw,https://www.youtube.com/watch?v=kyZnSlf4tQ0
myomouse:037,myomouse,37,kChf_IYM0-4,https://www.youtube.com/watch?v=kChf_IYM0-4,MyoMouse - Sơn Đoòng | Trung Lương đàn nguyệt cover,MyoMouse,Vietnamese ethnic cover,curated_popular_extension,high,video_id verified; hydrate counters later,0,1,,,https://www.youtube.com/channel/UCwVtvIJotUJSxT1gkn_wAgw,https://www.youtube.com/watch?v=kChf_IYM0-4
myomouse:038,myomouse,38,KidUa8s7TVc,https://www.youtube.com/watch?v=KidUa8s7TVc,MyoMouse & ĐGTM - Cẩm Hoa Ý (official MV),MyoMouse,Vietnamese ethnic / cinematic,curated_popular_extension,high,video_id verified; hydrate counters later,0,1,,,https://www.youtube.com/channel/UCwVtvIJotUJSxT1gkn_wAgw,https://www.youtube.com/watch?v=KidUa8s7TVc
myomouse:039,myomouse,39,V8PjlGAIwXQ,https://www.youtube.com/watch?v=V8PjlGAIwXQ,TÂM HOA (Flower Heart) | MyoMouse,MyoMouse,Vietnamese melodic EDM,curated_popular_extension,high,video_id verified; hydrate counters later,0,0,,,https://www.youtube.com/channel/UCwVtvIJotUJSxT1gkn_wAgw,https://www.youtube.com/watch?v=V8PjlGAIwXQ
myomouse:040,myomouse,40,xXaPe-E6cVI,https://www.youtube.com/watch?v=xXaPe-E6cVI,MyoMouse - Legendary (Chillout / alternate release),MyoMouse / Diversity,chillout electronic,curated_popular_extension,medium,video_id verified; hydrate counters later,0,1,,,https://www.youtube.com/channel/UCwVtvIJotUJSxT1gkn_wAgw,https://www.youtube.com/watch?v=xXaPe-E6cVI
